size,scheme,mode,beta,stable,rms_pos_mm,rms_ori_deg,max_base_deg,final_base_deg,q_return_rad,min_sigma,mean_manip,res_lin,res_ang,limit_frac,lim_viol_rad,sweep
small,1,3d,10.0,True,0.14770434563937135,17.832434953652836,19.283034268162396,16.12164184335766,0.40328475635916017,0.14074238016214202,0.03173298195688516,9.663225775113915e-11,1.2705035078723725e-11,0.0,0.0,False
small,2,3d,10.0,True,0.09342141761917055,17.53630377349316,19.437408960157104,15.823742586388331,0.31552636031964437,0.14018291710088313,0.03179636610659512,9.287526303240924e-11,1.5369786821235443e-11,0.0,0.0,False
small,3,3d,10.0,True,0.09498461789638739,21.011924673428087,17.085242975477584,15.733034931087811,0.1413654579499631,0.14506831935083714,0.03187011464041833,1.008426675497276e-10,1.3464314785548595e-11,0.0,0.0,False
small,4,3d,10.0,True,87.55738855557877,76.97236743809,1.8475473244666176,0.6975817009664372,4.106640838632696,0.1315561447933734,0.027914083364514782,5.8265891973476036e-05,3.8638425714998e-05,0.11387096774193549,0.0,False
small,5,3d,10.0,True,87.92070704002916,73.63218720884127,1.8223848372413554,0.00033398950874183845,0.5703862715599082,0.13277670114323334,0.027929576872614437,5.851023006933488e-05,3.9149583539963564e-05,0.0,0.0,False
small,1,6d,10.0,True,0.19910498939269947,0.011165395649199278,25.294182958633648,25.29368273646288,0.8802056750551548,0.10577287483283189,0.013085826581835758,1.9493384684210469e-10,6.546663303918145e-11,0.0,0.0,False
small,2,6d,10.0,True,0.09865588910347486,0.009036883660679437,25.345638325381394,25.344275164910957,0.8531807820546207,0.10658237959767332,0.013085000667913953,1.9494006249677048e-10,6.446200805170905e-11,0.0,0.0,False
small,3,6d,10.0,True,0.09670501564364667,0.009254803284485007,28.4618906729503,25.52461650362843,0.5976988838091402,0.10216251003283668,0.012954110265629468,1.914832736815697e-10,7.173087209420969e-11,0.0,0.0,False
small,4,6d,10.0,True,107.63625472926473,0.5175574412567239,0.842478115073761,0.012637675775222457,0.01794963425903242,0.0989093925808829,0.014161554083512886,9.414221115465932e-12,5.809266590946123e-12,0.0,0.0,False
small,5,6d,10.0,True,107.95490421740689,0.5425850843446397,0.820921710401914,0.011028466866810175,0.01726443146934935,0.09953108058073393,0.014194840698624393,8.810028568709971e-12,5.444387305941739e-12,0.0,0.0,False
small,4,6d,0.01,True,9.366521334184725,0.10763345426226342,21.026038749032207,21.02743403459362,1.4441587938045926,0.08157317576260618,0.013339680332340538,1.4984935633070843e-10,4.43609808358787e-11,0.0,0.0,True
small,4,6d,0.1,True,32.01218132493163,0.21852358558940846,9.451258110120285,2.75903448426829,0.7901217917343426,0.09144405946457368,0.013864802218308866,7.486080374774606e-11,5.1768159876469064e-11,0.0,0.0,True
small,4,6d,1.0,True,75.56604973603157,0.3885280309847261,4.932559150955485,0.3895709643002642,0.1849287536550994,0.10055799872646425,0.013857466782468008,5.848636752312474e-11,3.798671890832979e-11,0.0,0.0,True
small,4,6d,10.0,True,107.63625472926473,0.5175574412567239,0.842478115073761,0.012637675775222457,0.01794963425903242,0.0989093925808829,0.014161554083512886,9.414221115465932e-12,5.809266590946123e-12,0.0,0.0,True
small,4,6d,100.0,True,113.35356929315832,0.542271856320868,0.09040885270243154,0.00020356286704223167,0.0029869503106447126,0.09866215102364277,0.014202597228484999,7.607862849765131e-12,5.230967162741774e-12,0.0,0.0,True
small,4,6d,1000.0,True,113.96736287420013,0.5449641076754207,0.009138927951636091,1.5139293823093945e-05,0.003366137036391822,0.09863601269379764,0.014207011276255524,7.532992721990039e-12,5.248881312088123e-12,0.0,0.0,True
small,4,6d,10000.0,True,114.02918834443531,0.545235692191695,0.0013037176189109934,4.02195742330381e-06,0.003446615903104634,0.09863338499225327,0.014207456703728014,7.529556634154502e-12,5.25249894559449e-12,0.0,0.0,True
small,4,6d,100000.0,True,114.03537537929157,0.5452628743910898,0.0011404975541010832,2.9390147064554707e-06,0.0034550000958865424,0.09863312208233511,0.014207501287741845,7.529401957091936e-12,5.252692143481622e-12,0.0,0.0,True
small,4,6d,1000000.0,True,114.03599412768381,0.5452655928485953,0.0011275270505686449,2.831106615570534e-06,0.003455841783746428,0.09863309578994581,0.01420750574655697,7.52697327472896e-12,5.2509577842835555e-12,0.0,0.0,True
small,5,6d,0.01,True,16.765366644689387,0.269162049321664,22.480044619613746,17.776042556006107,0.36455518269830706,0.10785199873761352,0.013428924077513412,9.921707899707144e-11,3.056234772912014e-11,0.0,0.0,True
small,5,6d,0.1,True,42.445611221915236,0.45507436420095665,10.72898482370175,4.813754662887813,0.26794920933151656,0.10363393744478695,0.0137731408263033,3.2190779756230997e-11,2.0954311283991596e-11,0.0,0.0,True
small,5,6d,1.0,True,82.43654913701313,0.5640737051953842,4.223535911358597,0.2433070217329758,0.1349139212036433,0.10112903184105702,0.013993407940628068,3.735669653534418e-11,2.4223213048635346e-11,0.0,0.0,True
small,5,6d,10.0,True,107.95490421740689,0.5425850843446397,0.820921710401914,0.011028466866810175,0.01726443146934935,0.09953108058073393,0.014194840698624393,8.810028568709971e-12,5.444387305941739e-12,0.0,0.0,True
small,5,6d,100.0,True,113.38932933523729,0.539819827770417,0.09066091385527454,0.00021629491989529133,0.002845399986471859,0.0992762428436992,0.0142408847712706,7.29780021916666e-12,4.899646851270747e-12,0.0,0.0,True
small,5,6d,1000.0,True,113.99918120712782,0.5397570050899643,0.009190671016562228,1.5630296245983942e-05,0.0032158682871177313,0.09924861685043644,0.014246158436905972,7.242250681742369e-12,4.916390991674227e-12,0.0,0.0,True
small,5,6d,10000.0,True,114.06090572827854,0.5397537185998635,0.0012436306990184364,3.2255733034962757e-06,0.0033005139115269105,0.09924583234576141,0.014246693616019638,7.240071375730535e-12,4.920196792019239e-12,0.0,0.0,True
small,5,6d,100000.0,True,114.06708565347878,0.5397534208977519,0.0010688316942170013,2.073634958162373e-06,0.00330935557960191,0.0992455536735947,0.014246747213323398,7.238997032740699e-12,4.9194878055779035e-12,0.0,0.0,True
small,5,6d,1000000.0,True,114.06770372081029,0.5397533914379556,0.0010554202489658116,1.961915219141226e-06,0.0033102434098604026,0.09924552580415893,0.014246752573848978,7.239013154105439e-12,4.9201274334507454e-12,0.0,0.0,True
medium,1,3d,10.0,True,0.1386283657830275,14.741484932631131,1.1516261159427172,0.5810266837791728,0.058215571883773284,0.28421641983426466,0.15071084685437072,2.659271032342419e-12,1.7910807832386075e-12,0.0,0.0,False
medium,2,3d,10.0,True,0.13428773131678437,25.825435171989596,1.2363041172697493,0.6096266404418195,0.6874115942551919,0.2831623382852768,0.15553264943836922,3.5559125088978904e-11,2.43572431090989e-11,0.0,0.0,False
medium,3,3d,10.0,True,0.13709470943280463,15.174543922826409,1.1110113362382752,0.5402035152156618,0.006172153895337674,0.28424705988103793,0.15066423064591578,2.692879071992859e-12,1.8165746649638246e-12,0.0,0.0,False
medium,4,3d,10.0,True,0.15677962048579008,111.53043814163877,0.28118172265894237,0.010916789956582932,2.3534381488342992,0.25373568856150003,0.13706260581541957,1.3106754978939255e-09,1.0818749245535173e-09,0.35580645161290325,0.0,False
medium,5,3d,10.0,True,0.17288019507801264,51.7281927256907,0.2876483446694335,0.005668092385389793,0.48226969448070106,0.25788708215329903,0.13910241641428572,5.537899447335606e-10,4.781648212795909e-10,0.0,0.0,False
medium,1,6d,10.0,True,0.13598257778380501,0.010514247038635578,1.4249965659994115,0.5824525856111807,0.15526619787269288,0.206655259974498,0.10213360635538812,1.1330724824801958e-11,1.2656064406439452e-11,0.0,0.0,False
medium,2,6d,10.0,True,0.14223369974189937,0.010152155076664084,1.4915510374599763,0.5960184308012304,0.18708028302227644,0.2032404331994969,0.10210923958182085,1.2015162682062902e-11,1.3641131518810174e-11,0.0,0.0,False
medium,3,6d,10.0,True,0.140930108879293,0.01011644990124194,1.477586900495863,0.6371303188845724,0.022023274942420616,0.20385262992691047,0.10194686470106427,1.1627742409062777e-11,1.3053412676291177e-11,0.0,0.0,False
medium,4,6d,10.0,True,9.521656168470562,0.11708991316259178,0.5976133900488112,0.2643259672021664,1.2171317140151798,0.18797490901752298,0.10299800746435159,1.9934338901794746e-11,1.4432752167348933e-11,0.0,0.0,False
medium,5,6d,10.0,True,14.471834853240516,0.21249959622809536,0.9936209248253043,0.3492855016961986,0.18047232262720417,0.206655259974498,0.10351031486914807,1.733512163296872e-11,1.404474230427931e-11,0.0,0.0,False
medium,4,6d,0.01,True,0.7806215004852616,0.028688745959632157,1.4155638914126518,0.5728528783276596,0.16752910750415695,0.206655259974498,0.10214336799454962,1.1435892326421698e-11,1.2691905626165846e-11,0.0,0.0,True
medium,4,6d,0.1,True,0.8270722549080508,0.029399580541065347,1.3831138870107518,0.5365938063010122,0.27299883580754597,0.206655259974498,0.10224977254311876,1.1746434825255642e-11,1.2804498833497035e-11,0.0,0.0,True
medium,4,6d,1.0,True,1.8519643012711935,0.041483159898120056,1.1450697095858144,0.38240518579507815,0.9558004878117967,0.206655259974498,0.102931888364335,1.469998385170146e-11,1.4237898695743648e-11,0.0,0.0,True
medium,4,6d,10.0,True,9.521656168470562,0.11708991316259178,0.5976133900488112,0.2643259672021664,1.2171317140151798,0.18797490901752298,0.10299800746435159,1.9934338901794746e-11,1.4432752167348933e-11,0.0,0.0,True
medium,4,6d,100.0,True,30.84917461630273,0.22118569390123316,0.26461384868040355,0.04948388244696725,0.41041109269412057,0.18799610870422345,0.10400967484689731,9.80500503922413e-11,7.040644784956225e-11,0.0,0.0,True
medium,4,6d,1000.0,True,63.63757107855479,0.34692950888769325,0.17026139615429162,0.0306492911067359,0.09416207427902652,0.19355592172096608,0.10538580171305781,5.62888627852684e-11,3.695235972889381e-11,0.0,0.0,True
medium,4,6d,10000.0,True,102.16268502902666,0.5063109495008667,0.03512259232216914,0.0017458459237598093,0.03600164916517908,0.19351939596982998,0.10582399438327889,1.1072807409126199e-11,6.635344690673541e-12,0.0,0.0,True
medium,4,6d,100000.0,True,110.71295753596793,0.546212045452388,0.0039055858079172453,2.422790613426027e-05,0.006534866057721079,0.1936282316820756,0.10543731712453865,8.39556254113407e-12,4.94333955843203e-12,0.0,0.0,True
medium,4,6d,1000000.0,True,111.65753731967733,0.5507524575212712,0.0003986939416191659,5.528323163391681e-07,0.001999151430376668,0.19364247965993187,0.10539076598047131,8.294485375332898e-12,4.987057449992171e-12,0.0,0.0,True
medium,5,6d,0.01,True,2.258533275901407,0.06674206104024524,1.4398662320826292,0.6129749931148399,0.020695910273758313,0.2039484712129945,0.10220320036462537,1.134038836550803e-11,1.2562429453771667e-11,0.0,0.0,True
medium,5,6d,0.1,True,2.392796760775244,0.0682080699143489,1.4335907681524096,0.609166158668806,0.020649625417228267,0.20414592269503204,0.10221788487088514,1.1315378440414662e-11,1.2494950446054273e-11,0.0,0.0,True
medium,5,6d,1.0,True,3.7598921933332776,0.08350937840987345,1.3745789213254218,0.5733517019964232,0.03575345731053432,0.2058156986115742,0.10236366831522346,1.1283332422692624e-11,1.1951605375499761e-11,0.0,0.0,True
medium,5,6d,10.0,True,14.471834853240516,0.21249959622809536,0.9936209248253043,0.3492855016961986,0.18047232262720417,0.206655259974498,0.10351031486914807,1.733512163296872e-11,1.404474230427931e-11,0.0,0.0,True
medium,5,6d,100.0,True,42.45338194647786,0.46301110433426734,0.30407912313533186,0.04282818848867911,0.2310035742708625,0.20016896266260759,0.10539986033262529,5.00462231126717e-11,3.60597465006904e-11,0.0,0.0,True
medium,5,6d,1000.0,True,72.10719719529958,0.5449898162395489,0.14464368966877486,0.025436711001035405,0.07380849160298882,0.19436996883201402,0.10604800251455805,3.9229548042917905e-11,2.6460948071090108e-11,0.0,0.0,True
medium,5,6d,10000.0,True,102.73133441120775,0.5448526023295422,0.034010525739129625,0.0018904553047180447,0.03470275765269762,0.19412702588799652,0.10584247145271436,1.0338049273222942e-11,6.00837930173355e-12,0.0,0.0,True
medium,5,6d,100000.0,True,110.74949689844159,0.5480346410866594,0.003898384608137326,2.7915336517494358e-05,0.006553799893034387,0.19424770404442995,0.1056000687406264,8.100747492336454e-12,4.671784425833647e-12,0.0,0.0,True
medium,5,6d,1000000.0,True,111.67975794410114,0.5488775061649971,0.0003984279331897608,5.406816452371282e-07,0.001966096245646771,0.1942580106795566,0.10557054419297014,8.01812048966408e-12,4.701713709668678e-12,0.0,0.0,True
large,1,3d,10.0,True,0.14453231526079222,14.453018250819618,0.04049234699375075,0.0140591056736697,0.049708423102134615,0.30661593115531505,0.17872885638118108,2.12142345587551e-12,2.6304322421473905e-12,0.0,0.0,False
large,2,3d,10.0,True,0.14055741254183118,28.50418784427997,0.044351848813245276,0.015801134750227954,0.7273572327487681,0.3068491086809297,0.18537673051952036,5.624997689857025e-11,5.3516618327591904e-11,0.0,0.0,False
large,3,3d,10.0,True,0.14359783841461887,14.80223396131468,0.03914263636571716,0.012465071054239347,0.000311853679913549,0.3066148361354582,0.17867708289845763,2.1396955794629707e-12,2.6612146455054935e-12,0.0,0.0,False
large,4,3d,10.0,True,0.12832025068314415,41.08752819015845,0.015417610974052302,0.005167993994922896,0.6699089774565521,0.29411954897060627,0.1692870816383735,3.143048321607722e-11,4.201530460158604e-11,0.0,0.0,False
large,5,3d,10.0,True,0.12819560157618184,24.3061841468788,0.013825204818791091,0.0024380702465187074,0.11834266340952318,0.3064030886503305,0.17294277959981008,2.2998398216227123e-11,2.4041836006960365e-11,0.0,0.0,False
large,1,6d,10.0,True,0.1433587258519234,0.010626228396036396,0.0488740360272764,0.012288807833002907,0.11775908382563995,0.21643631041008934,0.12713316512913975,1.0123517204472626e-11,1.4159784367775492e-11,0.0,0.0,False
large,2,6d,10.0,True,0.14899768848414882,0.010384900610367348,0.05175615241384394,0.011892308737252073,0.19597518578559814,0.20990631250101865,0.1271166449342554,1.1103197591758648e-11,1.5939252522074265e-11,0.0,0.0,False
large,3,6d,10.0,True,0.14723681261672444,0.010309846666745306,0.050329987996764344,0.014066043235721755,0.0008146130808662259,0.21325316445835035,0.1269343247343205,1.0349091426360832e-11,1.4567121699659806e-11,0.0,0.0,False
large,4,6d,10.0,True,0.6859259594990391,0.026307706952273552,0.04854218073981614,0.01194947575327323,0.13424504710303545,0.21676169097178816,0.12715310076971842,1.0220413379016855e-11,1.4167177228638347e-11,0.0,0.0,False
large,5,6d,10.0,True,1.9036520960896888,0.058993297169993415,0.04930603139886754,0.013620873228387047,0.0007791681937418339,0.21350626087105795,0.127187346325888,1.015477762641992e-11,1.4078997905948978e-11,0.0,0.0,False
large,4,6d,0.01,True,0.6835311514086136,0.026230933993798434,0.0487262090069466,0.012180532295540142,0.11868671220260003,0.21651975151656463,0.12713186463559856,1.017827543168398e-11,1.4160595411748301e-11,0.0,0.0,True
large,4,6d,0.1,True,0.6835494061678457,0.026231603870752143,0.0487245406724799,0.012178420911564422,0.11882802982505432,0.21652193608571305,0.12713205552938928,1.0181096525736788e-11,1.416350568352979e-11,0.0,0.0,True
large,4,6d,1.0,True,0.683735303700042,0.02623832458505051,0.04870786737265092,0.012157337039496275,0.1202400448151292,0.21654377700446453,0.1271339649301253,1.0184452178894476e-11,1.4172167742567112e-11,0.0,0.0,True
large,4,6d,10.0,True,0.6859259594990391,0.026307706952273552,0.04854218073981614,0.01194947575327323,0.13424504710303545,0.21676169097178816,0.12715310076971842,1.0220413379016855e-11,1.4167177228638347e-11,0.0,0.0,True
large,4,6d,100.0,True,0.7372605168314942,0.027199844217815947,0.046978330308333476,0.010151532381734697,0.26367905475429637,0.21881257598303133,0.12734489779996253,1.0547827829264847e-11,1.4219417946991372e-11,0.0,0.0,True
large,4,6d,1000.0,True,2.0080272544612034,0.04351894079324397,0.037572741467918724,0.008445483363827205,0.9643887698459965,0.21881257598303133,0.12837662373861447,1.3916832963811743e-11,1.5757497358276434e-11,0.0,0.0,True
large,4,6d,10000.0,True,10.093720248440842,0.13247369250886332,0.017963097771134452,0.0053087321962034095,0.7938615750681992,0.1939108862388297,0.1276983839562004,2.6889853689236955e-11,1.864252299756611e-11,0.0,0.0,True
large,4,6d,100000.0,True,26.83688317958343,0.22081667891663884,0.0067810662335506654,0.0017320285015488008,0.24888470066016952,0.19245472335577854,0.1294419472781589,1.0921543845080622e-10,8.482402447865881e-11,0.0,0.0,True
large,4,6d,1000000.0,True,46.9906234332684,0.2923691618480767,0.00508767433225124,0.0014846135072210092,0.051981537603033555,0.20047087649752338,0.13085082271572082,8.650046808391168e-11,6.414497497641555e-11,0.0,0.0,True
large,5,6d,0.01,True,1.8865175804691243,0.05880363962742883,0.049338463428263826,0.01363493291019817,0.0007721625763181991,0.21346171607649844,0.12718485321366432,1.0154853083082027e-11,1.4089515386382324e-11,0.0,0.0,True
large,5,6d,0.1,True,1.8866716369901055,0.058805345439277075,0.0493381709875385,0.013634806125546234,0.0007716165021626713,0.2134621179665026,0.12718487567352552,1.016662123814569e-11,1.4097690025698911e-11,0.0,0.0,True
large,5,6d,1.0,True,1.8882125142903134,0.05882240638689913,0.04933524684083525,0.013633538400000159,0.0007667494609373073,0.21346613654832666,0.12718510027277158,1.0156868723130649e-11,1.4096994741250708e-11,0.0,0.0,True
large,5,6d,10.0,True,1.9036520960896888,0.058993297169993415,0.04930603139886754,0.013620873228387047,0.0007791681937418339,0.21350626087105795,0.127187346325888,1.015477762641992e-11,1.4078997905948978e-11,0.0,0.0,True
large,5,6d,100.0,True,2.060761013728459,0.06072877214308572,0.04901644933268341,0.013495417008598343,0.0031610362005136273,0.21390149924025917,0.12720981024709616,1.0120816834370753e-11,1.3935857767312938e-11,0.0,0.0,True
large,5,6d,1000.0,True,3.7159509408808606,0.0795909301145379,0.046351170135222344,0.012348910880523936,0.02897481157999101,0.21696588709884826,0.12743266254490376,1.0086337310071664e-11,1.2860680934813045e-11,0.0,0.0,True
large,5,6d,10000.0,True,15.631507569094996,0.22984240143043863,0.03095577672086691,0.006319012303595728,0.14026318306825747,0.21881257598303133,0.12906090350813504,1.9124188371149112e-11,1.6624334446236987e-11,0.0,0.0,True
large,5,6d,100000.0,True,39.43849665456441,0.46086029961489683,0.00815179416755928,0.0012662270112659764,0.14631959168497546,0.21244778983585408,0.1313225257719244,5.5498951815518074e-11,4.4438555382140334e-11,0.0,0.0,True
large,5,6d,1000000.0,True,59.485790746649926,0.5258566909773442,0.0040952041335231195,0.0012046973120885414,0.041160252107237574,0.20715296707862949,0.1323021478266857,5.5209275492225027e-11,4.2741873537190504e-11,0.0,0.0,True
