true_go,goal,reached,time_s,sends,refused,path_m,peak_base_deg,parked,trips,pid,block,cue,set,depth,leg,tlx,tlx6,procs,trust
True,14,True,2.760000000000089,1,0,0.1535324129980123,0.15317252987019195,False,0,2,1,live,0,0.4615951384547559,1,,nan nan nan nan nan nan,10,
True,2,True,21.219999999989373,1,0,0.29910655027747907,0.5643334796935989,False,0,2,1,live,0,0.5309662421102223,2,,nan nan nan nan nan nan,10,
True,3,True,4.340000000000314,1,0,0.25153364433068315,0.25874171254110556,False,0,2,1,live,0,0.5736259930324925,1,,nan nan nan nan nan nan,10,
True,0,True,41.08000000003453,1,0,0.29301874470834255,0.4824598389602975,False,0,2,1,live,0,0.7445471021178425,2,,nan nan nan nan nan nan,10,
True,9,True,2.880000000000129,1,0,0.15809295315795302,0.18616011622194248,False,0,2,1,live,0,0.4276085145896611,1,,nan nan nan nan nan nan,10,
False,7,False,46.350000000000406,0,0,7.663862953759496e-06,0.18623610756218192,True,0,2,1,live,0,1.0359993693568992,2,,nan nan nan nan nan nan,10,
True,13,True,2.880000000000129,1,0,0.17234103978971724,0.5652632677227281,False,0,2,1,live,0,0.2502264744878444,1,,nan nan nan nan nan nan,10,
True,1,True,27.769999999973788,1,0,0.4227969191664048,0.7774009056321677,False,0,2,1,live,0,0.6797095323377088,2,,nan nan nan nan nan nan,10,
True,5,True,2.2999999999999354,1,0,0.12477812572826072,0.0538163232413082,False,0,2,1,live,0,0.25978529608014644,1,,nan nan nan nan nan nan,10,
True,6,False,37.55000000000061,0,0,7.570454831269955e-06,0.0538369308187238,True,0,2,1,live,0,1.0091792577515504,2,,nan nan nan nan nan nan,10,
True,8,True,2.880000000000129,1,0,0.1642896648128953,0.14631159240661695,False,0,2,1,live,0,0.4871199334739533,1,,nan nan nan nan nan nan,10,
False,11,False,36.89000000000032,0,0,1.885498754100719e-05,0.14651636909001528,True,0,2,1,live,0,1.1816258111214097,2,,nan nan nan nan nan nan,10,
True,12,True,3.030000000000179,1,0,0.17532393666004456,0.005002248628338547,False,0,2,1,live,0,0.6,1,,nan nan nan nan nan nan,10,
False,10,False,52.589999999985466,0,0,3.9754513039949354e-06,0.003698058479689314,True,0,2,1,live,0,1.1953547153448458,2,,nan nan nan nan nan nan,10,
True,4,True,4.24000000000037,1,0,0.2573040676941033,0.1713021667242496,False,0,2,1,live,0,0.5149594694804271,1,,nan nan nan nan nan nan,10,
True,14,True,3.0780422496796445,1,0,0.1471665115870824,0.014221144357529553,False,0,2,2,gate,1,0.5821552857797274,1,,nan nan nan nan nan nan,10,
False,12,False,33.43317929267862,1,1,5.2295170039474085e-06,0.013389538320794548,True,0,2,2,gate,1,1.2631724871108423,2,,nan nan nan nan nan nan,10,
True,4,True,3.939560394287439,1,0,0.20373870510806394,0.11481212347361959,False,0,2,2,gate,1,0.43577569424755896,1,,nan nan nan nan nan nan,10,
True,1,True,6.616216745376462,1,0,0.3677905728284599,0.8768040922555314,False,0,2,2,gate,1,0.7323171815764482,2,,nan nan nan nan nan nan,10,
True,0,True,2.419236116409197,1,0,0.12329596457037324,0.025169849028761786,False,0,2,2,gate,1,0.23042350194535613,1,,nan nan nan nan nan nan,10,
False,9,False,33.70810789108275,1,1,5.849285005294853e-06,0.02468874779665737,True,0,2,2,gate,1,1.172827557702577,2,,nan nan nan nan nan nan,10,
True,13,True,3.752154254913633,1,0,0.1949401985960844,0.12540987621530356,False,0,2,2,gate,1,0.35549946121057113,1,,nan nan nan nan nan nan,10,
False,6,False,32.409026565551216,1,1,3.194055489004482e-06,0.12538668696810618,True,0,2,2,gate,1,1.049098558895578,2,,nan nan nan nan nan nan,10,
True,3,True,3.5703904914858584,1,0,0.1855228165036211,0.12787393126776864,False,0,2,2,gate,1,0.32570459745908503,1,,nan nan nan nan nan nan,10,
True,8,True,11.897113580709153,1,0,0.6173590876529816,1.6211717351447268,False,0,2,2,gate,1,1.0179858587272146,2,,nan nan nan nan nan nan,10,
True,2,True,4.963368234634592,1,0,0.2760947903493896,0.19784309751445317,False,0,2,2,gate,1,0.5648140719188115,1,,nan nan nan nan nan nan,10,
False,11,False,31.976565876006227,1,1,3.2857906832824314e-06,0.1978870356263886,True,0,2,2,gate,1,1.1971870117385035,2,,nan nan nan nan nan nan,10,
True,5,True,2.912092618942323,1,0,0.1427799159676666,0.009220093572620812,False,0,2,2,gate,1,0.5811436642306066,1,,nan nan nan nan nan nan,10,
False,10,False,32.930393018722434,1,1,6.0106588506057e-06,0.008862141149886182,True,0,2,2,gate,1,1.1608725897940166,2,,nan nan nan nan nan nan,10,
True,7,True,3.5748808002474317,1,0,0.19865312195330634,0.09341126557862388,False,0,2,2,gate,1,0.5925000000000001,1,,nan nan nan nan nan nan,10,
True,2,True,1.7599999999998617,1,0,0.09537096996822537,0.011820792446913315,False,0,2,3,guaranteed,3,0.2049760126984677,1,,nan nan nan nan nan nan,10,
True,6,False,48.29999999999873,0,0,6.5402144243110715e-06,0.0104009628240365,True,0,2,3,guaranteed,3,0.9803768845957141,2,,nan nan nan nan nan nan,10,
True,11,True,2.3299999999999454,1,0,0.13068277093560857,0.17739378986117577,False,0,2,3,guaranteed,3,0.3845478816448801,1,,nan nan nan nan nan nan,10,
False,13,False,42.19000000000631,0,0,0.00032378526376251356,0.1742623753870253,True,0,2,3,guaranteed,3,1.3369167712973105,2,,nan nan nan nan nan nan,10,
True,10,True,2.5100000000000056,1,0,0.13160558959266375,0.061603798475357734,False,0,2,3,guaranteed,3,0.300397445266657,1,,nan nan nan nan nan nan,10,
True,4,False,33.35999999999946,0,0,8.190599607494023e-06,0.06162752477374611,True,0,2,3,guaranteed,3,0.8415378650319414,2,,nan nan nan nan nan nan,10,
True,7,True,2.5100000000000056,1,0,0.13800362697540242,0.06160951490261881,False,0,2,3,guaranteed,3,0.5431812591972645,1,,nan nan nan nan nan nan,10,
True,3,False,40.42000000000431,0,0,0.0001255958367835911,0.06022393716291214,True,0,2,3,guaranteed,3,0.8951613894611272,2,,nan nan nan nan nan nan,10,
True,12,True,3.610000000000373,1,0,0.21012315201723464,0.1429572030500661,False,0,2,3,guaranteed,3,0.38493560165706436,1,,nan nan nan nan nan nan,10,
True,8,True,5.289999999999013,1,0,0.30185144476123604,0.6213909906820461,False,0,2,3,guaranteed,3,0.9644391318561849,2,,nan nan nan nan nan nan,10,
True,9,True,3.430000000000313,1,0,0.200986257591478,0.7383212863627854,False,0,2,3,guaranteed,3,0.3071377091250774,1,,nan nan nan nan nan nan,10,
True,1,True,5.49999999999911,1,0,0.32384107790609334,0.5909702477852827,False,0,2,3,guaranteed,3,0.7608570348344337,2,,nan nan nan nan nan nan,10,
True,14,True,5.039999999999926,1,0,0.30876349099067246,0.20491119640958855,False,0,2,3,guaranteed,3,0.5485617220898231,1,,nan nan nan nan nan nan,10,
True,0,False,33.13999999999858,0,0,9.869547610469342e-07,0.2048998140891761,True,0,2,3,guaranteed,3,0.6393304009944157,2,,nan nan nan nan nan nan,10,
True,5,True,3.0700000000001926,1,0,0.15997549251087884,0.2866112490368293,False,0,2,3,guaranteed,3,0.3986310701181725,1,,nan nan nan nan nan nan,10,
True,14,True,3.0600000000001892,1,0,0.17660237672893092,1.0137009405952369,False,0,2,4,rest,2,0.26362083195349845,1,,nan nan nan nan nan nan,10,
False,11,False,64.51999999999722,0,0,0.0010414355568652055,1.012399957148043,True,0,2,4,rest,2,1.1449444286439285,2,,nan nan nan nan nan nan,10,
True,10,True,3.170000000000226,1,0,0.18855032050450873,0.008478506300129205,False,0,2,4,rest,2,0.5982089573457214,1,,nan nan nan nan nan nan,10,
True,2,True,9.640000000003939,1,0,0.6059668224151138,1.0519514307024074,False,0,2,4,rest,2,0.7902146818068555,2,,nan nan nan nan nan nan,10,
True,4,True,4.750000000000087,1,0,0.29292105556895803,0.214330343725196,False,0,2,4,rest,2,0.5545764913297145,1,,nan nan nan nan nan nan,10,
False,1,False,73.91000000005023,1,0,1.0850633887419374,2.00956873214799,True,1,2,4,rest,2,0.7932950673146468,2,,nan nan nan nan nan nan,10,
True,5,True,2.0899999999998653,1,0,0.12042503935732815,0.008676465931189248,False,0,2,4,rest,2,0.2328419722925565,1,,nan nan nan nan nan nan,10,
False,13,False,33.99999999999948,0,0,4.360091518396715e-06,0.007483623567930925,True,0,2,4,rest,2,1.3272709903141084,2,,nan nan nan nan nan nan,10,
True,0,True,5.15999999999986,1,0,0.28748039331797837,0.4443746411660539,False,0,2,4,rest,2,0.5136732853858239,1,,nan nan nan nan nan nan,10,
False,3,False,73.97000000005269,1,0,0.777095817509745,1.4280693468717656,True,1,2,4,rest,2,0.8283715023805256,2,,nan nan nan nan nan nan,10,
True,8,True,2.7200000000000757,1,0,0.15084610846137322,0.17525744475295035,False,0,2,4,rest,2,0.4327405783353375,1,,nan nan nan nan nan nan,10,
False,6,False,34.67999999999854,0,0,9.335211898848338e-06,0.17533715596759294,True,0,2,4,rest,2,1.007718854016074,2,,nan nan nan nan nan nan,10,
True,12,True,3.6000000000003696,1,0,0.20025685341468502,0.15428565844241604,False,0,2,4,rest,2,0.4452937110686114,1,,nan nan nan nan nan nan,10,
True,7,True,6.049999999999933,1,0,0.31836842634839513,1.5375024725916104,False,0,2,4,rest,2,0.9941719451690905,2,,nan nan nan nan nan nan,10,
True,9,True,2.4499999999999855,1,0,0.12810250892423167,0.03133319514899848,False,0,2,4,rest,2,0.5409392320223851,1,,nan nan nan nan nan nan,10,
